name,description,image_prompt,category,keywords,response_template
certificate_verification,Process of validating certificate authenticity,A digital certificate with blockchain verification checkmark,process,verify validate authenticate check,Certificate verification involves: 1) Upload file 2) Generate SHA256 hash 3) Check blockchain registry 4) AI content analysis 5) Return results
blockchain_security,Immutable ledger technology for certificates,Interconnected blocks with security locks and certificates,technology,blockchain immutable secure ledger,Blockchain provides immutable storage where each certificate hash is permanently recorded and cannot be altered or deleted
ai_validation,AI-powered content analysis system,Robot analyzing document with magnifying glass,technology,ai artificial intelligence analysis,AI validation analyzes certificate content for keywords format structure and authenticity patterns with confidence scoring
admin_dashboard,University management portal interface,Clean dashboard with charts and certificate management tools,interface,admin manage dashboard portal,Admin dashboard allows universities to manage verifiers add certificates generate reports and view feedback
verifier_portal,Employer certificate verification interface,Professional verification screen with upload area,interface,verifier employer verify portal,Verifier portal enables employers to upload certificates for verification and submit feedback about the system
hash_generation,SHA256 cryptographic hash creation process,Mathematical formula converting document to unique hash,process,hash sha256 cryptographic unique,Each certificate generates a unique SHA256 hash that serves as its digital fingerprint for blockchain storage
file_formats,Supported certificate file types,Icons showing PDF JPG PNG file formats,technical,pdf jpg png format support,System supports PDF JPG JPEG and PNG file formats with maximum size limits for certificate uploads
authentication,JWT token-based security system,Lock and key with digital token,security,jwt token login secure,Authentication uses JWT tokens with role-based access control for admin and verifier accounts
feedback_system,User feedback collection and management,Speech bubbles with rating stars,feature,feedback review comment rating,Feedback system allows verifiers to submit issues suggestions and experiences for system improvement
reports_analytics,Statistical analysis and reporting tools,Charts and graphs showing verification data,analytics,reports statistics analytics data,Reports provide insights on verification counts success rates and system usage patterns
verification_process,Complete certificate validation workflow,Flowchart showing verification steps,workflow,process workflow steps validation,Verification workflow: File upload → Hash generation → Blockchain check → AI analysis → Result display
blockchain_registry,Distributed certificate storage system,Network of connected nodes storing data,storage,registry storage distributed network,Blockchain registry maintains permanent immutable records of all registered certificate hashes
confidence_scoring,AI-based authenticity assessment,Percentage meter showing confidence level,assessment,confidence score percentage assessment,AI confidence scoring evaluates certificate authenticity from 0-100% based on content analysis
validation_tokens,Unique AI verification identifiers,Digital badge with unique code,identifier,token identifier unique validation,Each AI validation generates a unique token for audit trails and verification tracking
role_management,Admin and verifier access control,User icons with different permission levels,security,role admin verifier permission,System supports two roles: Admin (full management) and Verifier (certificate validation only)
system_health,Application status and monitoring,Green checkmark with system components,monitoring,health status monitoring uptime,System health endpoint provides real-time status of all application components and services
api_endpoints,RESTful service interface points,Network diagram showing API connections,technical,api rest endpoint service,API provides endpoints for authentication certificate management verification and chatbot interactions
security_features,Comprehensive protection mechanisms,Shield with multiple security layers,security,security protection encryption cors,Security includes JWT authentication password hashing CORS protection and file validation
error_handling,System error management and recovery,Warning triangle with error messages,technical,error exception handling recovery,System handles errors gracefully with proper user feedback and logging for troubleshooting
data_privacy,Information protection and compliance,Lock protecting personal data,compliance,privacy data protection gdpr,System protects user data with encryption secure storage and privacy compliance measures
performance_optimization,System speed and efficiency improvements,Speedometer showing high performance,optimization,performance speed optimization efficiency,Performance optimizations include caching efficient algorithms and resource management
user_experience,Interface design and usability,Happy user interacting with clean interface,design,ux ui design usability interface,User experience focuses on intuitive navigation clear feedback and responsive design
integration_apis,External system connectivity,Puzzle pieces connecting different systems,integration,integration api connect external,System provides APIs for integration with external university and employer management systems
backup_recovery,Data protection and restoration,Cloud with backup arrows,backup,backup recovery restore data,Backup systems ensure data protection with automated backups and disaster recovery procedures
scalability,System growth and expansion capability,Growing chart with server infrastructure,scalability,scale growth expansion capacity,Architecture supports horizontal scaling to handle increased users and certificate volumes
audit_trails,Complete activity logging system,Magnifying glass over activity logs,auditing,audit log trail activity,Comprehensive audit trails track all system activities for compliance and security monitoring
compliance_standards,Regulatory and industry adherence,Checkmarks on compliance documents,compliance,compliance standard regulation industry,System adheres to educational and industry standards for certificate verification and data handling